year,n_events,rupture_mean
1979,4,0.6636249999999999
1980,1,0.14
1985,41,0.5969512195121952
1986,1,0.778
1989,4,0.6285000000000001
1993,1,0.204
1994,1,0.136
2006,1,0.268
2008,2,0.15000000000000002
2015,1,0.16
2016,1,0.374
2018,1,0.1825
2019,1,0.566
2024,2,0.13
2025,6,0.25
2026,1,0.27
